{
    "2": {
        "1": 0.9999999999998014,
        "2": -0.9176457
    },
    "3": {
        "1": 0,
        "2": 0.9999962118130773,
        "3": -0.3
    },
    "4": {
        "1": -0.7599,
        "2": -0.882351,
        "3": 0.9999999999999999
    },
    "5": {
        "1": -0.999999985351364,
        "2": -0.9757877729892862,
        "3": -0.9999984080726542
    },
    "6": {
        "1": 0.8999987649724623,
        "2": -0.657,
        "3": 0.09000000000000002
    },
    "7": {
        "1": -0.15786761988398643,
        "2": 0.8999999740178348,
        "3": -0.7599
    },
    "8": {
        "1": -0.3998231333919382,
        "2": -0.2699132048716907,
        "3": 0.8999989770251
    },
    "9": {
        "1": -0.8587822767017985,
        "2": -0.6426680085786904,
        "3": -0.8985686957326467
    },
    "10": {
        "1": 0.8099941471541469,
        "2": -0.162081,
        "3": -0.39398833789567217
    },
    "11": {
        "1": -0.3850970774182424,
        "2": 0.809999215846334,
        "3": -0.2698239820551549
    },
    "12": {
        "1": -0.331876160092447,
        "2": -0.3903254852458385,
        "3": 0.8099876470185996
    },
    "13": {
        "1": -0.7042251705555733,
        "2": -0.014507321563734299,
        "3": -0.7807783414347694
    },
    "14": {
        "1": 0.7279976942321177,
        "2": -0.011547363709151999,
        "3": -0.34159783139643146
    },
    "15": {
        "1": 0.0,
        "2": 0.72782093777113,
        "3": 0.0
    },
    "16": {
        "1": -0.18052051419479687,
        "2": -0.21924032079719386,
        "3": 0.7288161117008038
    },
    "17": {
        "1": -0.6452470683721468,
        "2": -0.32755102847489154,
        "3": -0.648397014360637
    },
    "18": {
        "1": 0.6330993749276256,
        "2": -0.046120307229777946,
        "3": -0.06621671829478407
    },
    "19": {
        "1": 0,
        "2": 0.6155012161698785,
        "3": 0
    },
    "21": {
        "1": -0.5318015339003069,
        "2": -0.38898780736587374,
        "3": -0.5059796124845166
    }
}