{
    "2": {
        "1": 0.9999999999998014,
        "2": -0.7599
    },
    "3": {
        "1": -0.51,
        "2": 0.9999999999999997,
        "3": -0.657
    },
    "4": {
        "1": -0.09000000000000002,
        "2": -0.657,
        "3": 0.9999999956818855
    },
    "5": {
        "1": -0.9999908237234895,
        "2": -0.794197697197703,
        "3": -0.9999999837615818
    },
    "6": {
        "1": 0.8999999913023665,
        "2": -0.657,
        "3": -0.363
    },
    "7": {
        "1": -0.22983364824491193,
        "2": 0.8999999884608536,
        "3": -0.3
    },
    "8": {
        "1": -0.5833203856140478,
        "2": -0.5023396195494263,
        "3": 0.8999997046398241
    },
    "9": {
        "1": -0.8942732828346439,
        "2": -0.8928446889407311,
        "3": -0.6593641717318933
    },
    "10": {
        "1": 0.8099980278825268,
        "2": -0.4573703102292849,
        "3": -0.4797558151043376
    },
    "11": {
        "1": -0.1063148632170633,
        "2": 0.8099934915883673,
        "3": -0.6143259328826763
    },
    "12": {
        "1": -0.5584253309283271,
        "2": -0.2211229843225349,
        "3": 0.8099828568872885
    },
    "13": {
        "1": -0.7825486765761184,
        "2": -0.6998309483856915,
        "3": -0.7815461087349513
    },
    "14": {
        "1": 0.7278892227796832,
        "2": -0.004668097640732671,
        "3": -0.21473770989195046
    },
    "15": {
        "1": -0.187254027971422,
        "2": 0.7289348401740745,
        "3": -0.0411852213954
    },
    "16": {
        "1": 0,
        "2": -0.02911864939332833,
        "3": 0.7288891210790018
    },
    "17": {
        "1": -0.6647135239429646,
        "2": -0.6475123187822883,
        "3": -0.3594547215682855
    },
    "18": {
        "1": 0.6425603580632401,
        "2": -0.10145442736546739,
        "3": -0.14822266157785546
    },
    "19": {
        "1": -0.12148375695768136,
        "2": 0.6436682150539226,
        "3": 0.0
    },
    "21": {
        "1": -0.4952397668789644,
        "2": -0.4044807973337949,
        "3": -0.5020802029271663
    }
}