{
    "2": {
        "1": 0.9999999999999999,
        "2": -0.94235199
    },
    "3": {
        "1": -0.91386563763,
        "2": 0.9999999999999999,
        "3": -0.995252438490057
    },
    "4": {
        "1": -0.51,
        "2": -0.882351,
        "3": 0.9999999999999999
    },
    "5": {
        "1": -0.6736487022957561,
        "2": -0.9999342876376365,
        "3": -0.9990226825728838
    },
    "6": {
        "1": 0.8999999999999998,
        "2": -0.26193000000000005,
        "3": -0.8168037
    },
    "7": {
        "1": -0.680803196810211,
        "2": 0.8999999999999998,
        "3": -0.81736690257
    },
    "8": {
        "1": -0.7235509089396169,
        "2": -0.8637661851617745,
        "3": 0.8999999999999998
    },
    "9": {
        "1": -0.8846129493663176,
        "2": -0.26482096381061626,
        "3": -0.8802840154711098
    },
    "10": {
        "1": 0.8099999999999997,
        "2": -0.6650704434815738,
        "3": -0.8543968908751278
    },
    "11": {
        "1": -0.2120722035598177,
        "2": 0.8099999999999997,
        "3": -0.6325086026665225
    },
    "12": {
        "1": -0.5204787104790491,
        "2": -0.655902691097538,
        "3": 0.8099999999999997
    },
    "13": {
        "1": -0.7067036401380089,
        "2": -0.47795954020356446,
        "3": -0.43116249932637335
    },
    "14": {
        "1": 0.7289999999999996,
        "2": -0.358451720124991,
        "3": -0.600178883173846
    },
    "15": {
        "1": -0.3089929749337679,
        "2": 0.7289999999999996,
        "3": -0.07642689077650067
    },
    "16": {
        "1": -0.4101575158120116,
        "2": -0.07536719893185584,
        "3": 0.7289999999999992
    },
    "17": {
        "1": -0.32836783389960295,
        "2": -0.46480379874273614,
        "3": -0.4325471453565127
    },
    "18": {
        "1": 0.6560999999999916,
        "2": -0.4039243342652471,
        "3": -0.4588076691101026
    },
    "19": {
        "1": -0.2285719983935501,
        "2": 0.6560999999999996,
        "3": -0.35753818352864875
    },
    "20": {
        "1": -0.2938691938523547,
        "2": -0.17436345284980084,
        "3": 0.6560999999999402
    }
}