{
    "2": {
        "1": 0.9999999999999999,
        "2": -0.9999342876376365
    },
    "3": {
        "1": -0.9733625840193,
        "2": 0.9999999999999999,
        "3": -0.9998084187686195
    },
    "4": {
        "1": -0.924663038490057,
        "2": -0.64835199,
        "3": 0.9999999999999999
    },
    "5": {
        "1": -0.5991056358231006,
        "2": -0.9999994205653404,
        "3": -0.9999671569612767
    },
    "6": {
        "1": 0.8999999999999998,
        "2": -0.9926684085825023,
        "3": -0.98740442864709
    },
    "7": {
        "1": -0.7580201257796627,
        "2": 0.8999999999999998,
        "3": -0.7457094391190036
    },
    "8": {
        "1": -0.8296587034552646,
        "2": -0.6386848941171867,
        "3": 0.8999999999999998
    },
    "9": {
        "1": -0.8620120286742042,
        "2": -0.8981775330159896,
        "3": -0.7008236270991175
    },
    "10": {
        "1": 0.8099999999999997,
        "2": -0.688562394553546,
        "3": -0.6886110412104604
    },
    "11": {
        "1": -0.26533307706083675,
        "2": 0.8099999999999997,
        "3": -0.7118749761562739
    },
    "12": {
        "1": -0.5076557733920098,
        "2": -0.5395635763124671,
        "3": 0.8099999999999997
    },
    "13": {
        "1": -0.3417062146354193,
        "2": -0.7749119134765101,
        "3": -0.7720777840898504
    },
    "14": {
        "1": 0.7289999999999996,
        "2": -0.6055637397149103,
        "3": -0.7238233754770856
    },
    "15": {
        "1": -0.08968381624572935,
        "2": 0.7289999999999932,
        "3": -0.535503502747745
    },
    "16": {
        "1": -0.47742032824542224,
        "2": -0.4491109551082122,
        "3": 0.7289999999999996
    },
    "17": {
        "1": -0.3664055499160047,
        "2": -0.5133392439039803,
        "3": -0.5927116323229891
    },
    "18": {
        "1": 0.6560999999938051,
        "2": -0.5097503508973278,
        "3": -0.1369702128587313
    },
    "19": {
        "1": -0.36407817831038397,
        "2": 0.6560999999999967,
        "3": -0.24038097668305855
    },
    "20": {
        "1": -0.38209862827315405,
        "2": -0.15294262696579297,
        "3": 0.6560999999738225
    },
    "21": {
        "1": -0.4280047998056191,
        "2": -0.41433203489769305,
        "3": -0.4258750021341188
    },
    "22": {
        "1": 0.44871335095512066,
        "2": 0,
        "3": 0
    },
    "23": {
        "1": 0,
        "2": 0.4487133508333419,
        "3": 0
    }
}