{
    "2": {
        "1": 0.9999999999999999,
        "2": -0.9994414541359168
    },
    "3": {
        "1": -0.94563792657,
        "2": 0.9999999999999999,
        "3": -0.9997263125265993
    },
    "4": {
        "1": -0.882351,
        "2": -0.7599,
        "3": 0.9999999999999999
    },
    "5": {
        "1": -0.9999945120550036,
        "2": -0.9935026827659964,
        "3": -0.9999933278589419
    },
    "6": {
        "1": 0.8999999999999998,
        "2": -0.9694644255831,
        "3": -0.8470563
    },
    "7": {
        "1": -0.6971829112052838,
        "2": 0.8999999999999998,
        "3": -0.636727770170005
    },
    "8": {
        "1": -0.7328574615308853,
        "2": -0.3701301357196424,
        "3": 0.8999999999999998
    },
    "9": {
        "1": -0.894459062331052,
        "2": -0.8210803223520735,
        "3": -0.7974142354431693
    },
    "10": {
        "1": 0.8099999999999997,
        "2": -0.5980835257594672,
        "3": -0.790795773240666
    },
    "11": {
        "1": -0.0935156105605221,
        "2": 0.8099999999999997,
        "3": -0.5557382642337465
    },
    "12": {
        "1": -0.186185757728561,
        "2": -0.6236779789297009,
        "3": 0.8099999999982896
    },
    "13": {
        "1": -0.6994350129451887,
        "2": -0.21176296931479827,
        "3": -0.7112892293211814
    },
    "14": {
        "1": 0.7289999999999222,
        "2": -0.5404502274599465,
        "3": -0.6763767275399204
    },
    "15": {
        "1": 0.10588388571906013,
        "2": 0.7289999975506265,
        "3": -0.42019976304528245
    },
    "16": {
        "1": -0.47742032824542224,
        "2": -0.3480137769449443,
        "3": 0.7289999999980891
    },
    "17": {
        "1": -0.4921270873146746,
        "2": -0.4583125833629643,
        "3": -0.4697350917151062
    },
    "18": {
        "1": 0.6560999981362179,
        "2": -0.5255049964753757,
        "3": -0.1369702128587313
    },
    "19": {
        "1": -0.17127175657637253,
        "2": 0.6560999975996978,
        "3": -0.06620039632696137
    },
    "20": {
        "1": -0.3348916291286547,
        "2": -0.15294262696579297,
        "3": 0.6560999986498116
    }
}