{
    "2": {
        "1": 0.9999922690062802,
        "2": -0.657
    },
    "3": {
        "1": -0.3,
        "2": 0.9999999632966318,
        "3": -0.3
    },
    "4": {
        "1": -0.8319300000000001,
        "2": -0.8319300000000001,
        "3": 0.9999774606597093
    },
    "5": {
        "1": -0.9996090178951418,
        "2": -0.9997263125265993,
        "3": -0.9996090178951418
    },
    "6": {
        "1": 0.8998871819717115,
        "2": -0.657,
        "3": -0.3
    },
    "7": {
        "1": 0,
        "2": 0.8999574131741293,
        "3": -0.657
    },
    "8": {
        "1": -0.7438189051989298,
        "2": 0,
        "3": 0.8999793461621668
    },
    "9": {
        "1": -0.8939054764706701,
        "2": -0.8930037978068894,
        "3": -0.8923631333713686
    },
    "10": {
        "1": 0.8098502078973727,
        "2": -0.57459723852663,
        "3": -0.43613623661223455
    },
    "11": {
        "1": -0.31808257341480006,
        "2": 0.8098515993077074,
        "3": 0
    },
    "12": {
        "1": -0.5325680449554707,
        "2": -0.21739672590588902,
        "3": 0.8098819461637278
    },
    "13": {
        "1": -0.7178693575103386,
        "2": -0.730255991088701,
        "3": -0.7566848912211898
    },
    "14": {
        "1": 0.7284028814967268,
        "2": -0.5170723835347195,
        "3": -0.4522928158670315
    },
    "15": {
        "1": -0.20821947942937508,
        "2": 0.7287188645048186,
        "3": -0.3809729052891
    },
    "16": {
        "1": -0.24601660382405044,
        "2": -0.10533437801910903,
        "3": 0.728500990955309
    },
    "17": {
        "1": -0.28560093664146513,
        "2": -0.35209008610162745,
        "3": -0.36689125718484517
    },
    "18": {
        "1": 0.6551058991978964,
        "2": -0.5238516245907714,
        "3": -0.035665596
    },
    "19": {
        "1": -0.07306850481125086,
        "2": 0.6543479904829171,
        "3": -0.17656477338191176
    },
    "20": {
        "1": -0.02755878181911,
        "2": -0.09137518828627986,
        "3": 0.6548045161102354
    }
}