{
    "2": {
        "1": 0.9999993633194239,
        "2": -0.657
    },
    "3": {
        "1": -0.3,
        "2": 0.9999998471329936,
        "3": -0.7599
    },
    "4": {
        "1": 0,
        "2": -0.3,
        "3": 0.9999998929930956
    },
    "5": {
        "1": -0.9983715864020896,
        "2": -0.9988601104814627,
        "3": -0.9988601104814627
    },
    "6": {
        "1": 0.8999759500559565,
        "2": -0.51,
        "3": -0.3
    },
    "7": {
        "1": -0.26626285245572995,
        "2": 0.899997031853337,
        "3": -0.657
    },
    "8": {
        "1": -0.5583867745878,
        "2": -0.5732757326155422,
        "3": 0.8999987524447521
    },
    "9": {
        "1": -0.8748687540804136,
        "2": -0.8791090337985688,
        "3": -0.8803044426578495
    },
    "10": {
        "1": 0.8098675360236363,
        "2": -0.44253774817462077,
        "3": -0.247764339
    },
    "11": {
        "1": -0.2232532174493462,
        "2": 0.8099788374122109,
        "3": -0.17739000000000002
    },
    "12": {
        "1": -0.1482488568,
        "2": -0.3832403840801253,
        "3": 0.8099594834699613
    },
    "13": {
        "1": -0.6720700283333995,
        "2": -0.6813218643580721,
        "3": -0.6561098559783395
    },
    "14": {
        "1": 0.7288692039316856,
        "2": -0.3286799185186974,
        "3": -0.4374884966399123
    },
    "15": {
        "1": -0.26462032175068945,
        "2": 0.7289271113585353,
        "3": -0.037179
    },
    "16": {
        "1": -0.1685130574020995,
        "2": -0.23863626023760548,
        "3": 0.7287480691613271
    },
    "17": {
        "1": -0.16949858971330983,
        "2": -0.23866067280153236,
        "3": -0.07015080249
    },
    "18": {
        "1": 0.6557570967966945,
        "2": -0.27909232762413616,
        "3": -0.1908215841389198
    },
    "19": {
        "1": 0.0,
        "2": 0.6554920589376282,
        "3": -0.2456391062256667
    },
    "20": {
        "1": -0.028898124741720006,
        "2": 0.0,
        "3": 0.6556892581674835
    }
}