{
    "2": {
        "1": 0.9999999999402317,
        "2": -0.3
    },
    "3": {
        "1": -0.781509,
        "2": 0.9999999999999999,
        "3": -0.9176457
    },
    "4": {
        "1": -0.981656339805189,
        "2": -0.7599,
        "3": 0.9999999999999999
    },
    "5": {
        "1": -0.9999785319835561,
        "2": -0.9997771301802848,
        "3": -0.999980680552401
    },
    "6": {
        "1": 0.8999999999999961,
        "2": -0.5526300000329335,
        "3": -0.8470563
    },
    "7": {
        "1": -0.1042476787410127,
        "2": 0.899999999999439,
        "3": 0.31199997110813577
    },
    "8": {
        "1": -0.295660688301319,
        "2": -0.35340453178099146,
        "3": 0.8999999989801127
    },
    "9": {
        "1": -0.8993187258269648,
        "2": -0.37585850725640557,
        "3": -0.8995763227519371
    },
    "10": {
        "1": 0.8099999931152384,
        "2": -0.6048885045098241,
        "3": -0.7127676944407912
    },
    "11": {
        "1": -0.48784921559937344,
        "2": 0.8099999828596675,
        "3": -0.516224829400296
    },
    "12": {
        "1": -0.4176915023763189,
        "2": -0.3282671004750409,
        "3": 0.8099999997574517
    },
    "13": {
        "1": -0.7534406131237973,
        "2": -0.7980488386344639,
        "3": -0.7806132383817154
    },
    "14": {
        "1": 0.7289990081206825,
        "2": -0.1952337186782066,
        "3": -0.048853712465359585
    },
    "15": {
        "1": -0.23275566038572876,
        "2": 0.7289999911322874,
        "3": -0.005774076432222164
    },
    "16": {
        "1": -0.25489507128383165,
        "2": -0.32947895679756145,
        "3": 0.7289995702192285
    },
    "17": {
        "1": -0.6549289181557189,
        "2": -0.6622651461933914,
        "3": -0.6117233310181867
    },
    "18": {
        "1": 0.6560596295184692,
        "2": -0.16707008948164306,
        "3": 0.0
    },
    "19": {
        "1": -0.12491206030273269,
        "2": 0.6560959417192268,
        "3": 0.0
    },
    "20": {
        "1": -0.013699900828849415,
        "2": 0.0,
        "3": 0.6538759645017472
    },
    "21": {
        "1": -0.28518196600016305,
        "2": -0.16228324073778705,
        "3": -0.500989339713358
    },
    "22": {
        "1": 0.33362122086631557,
        "2": -0.01106287566765378,
        "3": 0.1312897838059397
    },
    "23": {
        "1": 0,
        "2": 0,
        "3": -0.14290805274483143
    }
}