{
    "2": {
        "1": 0.9999999999999993,
        "2": -0.959646393
    },
    "3": {
        "1": -0.9956797190259519,
        "2": 0.9999999999999999,
        "3": -0.9903110989592999
    },
    "4": {
        "1": -0.959646393,
        "2": -0.7599,
        "3": 0.9999999999999999
    },
    "5": {
        "1": -0.9865439961065771,
        "2": -0.9999999576803777,
        "3": -0.9999999250951669
    },
    "6": {
        "1": 0.3616290822189513,
        "2": -0.5274768316076847,
        "3": -0.9176457
    },
    "7": {
        "1": -0.7402985270085658,
        "2": 0.8999999430886869,
        "3": -0.46401000000000003
    },
    "8": {
        "1": -0.8267609296672644,
        "2": -0.7557044476896532,
        "3": 0.8999707331821181
    },
    "9": {
        "1": -0.8058164626637306,
        "2": -0.7926785201316862,
        "3": -0.8052623045281572
    },
    "10": {
        "1": 0.8090211723353758,
        "2": -0.46261493419267696,
        "3": -0.10582126971620232
    },
    "11": {
        "1": -0.5253270520467264,
        "2": 0.8089325268398339,
        "3": -0.16048599548526926
    },
    "12": {
        "1": -0.5297565953023181,
        "2": -0.3345145825302327,
        "3": 0.36741337039089655
    },
    "13": {
        "1": -0.5912181393934061,
        "2": -0.7070260991478295,
        "3": -0.7547170722007221
    },
    "14": {
        "1": 0.656639755013361,
        "2": -0.6655696062504155,
        "3": -0.7020860300979508
    },
    "15": {
        "1": -0.2992190045065088,
        "2": 0.6712642119216757,
        "3": -0.33707823581314394
    },
    "16": {
        "1": -0.34598622455721284,
        "2": -0.43574098464333155,
        "3": 0.6753015201819099
    },
    "17": {
        "1": -0.5501124307406864,
        "2": -0.462662241080866,
        "3": -0.6606470226736118
    },
    "18": {
        "1": 0.5975635737494217,
        "2": -0.5160238239821485,
        "3": -0.4341635361541453
    },
    "19": {
        "1": -0.2765340431867735,
        "2": 0.5746964845270316,
        "3": -0.47038329352084385
    },
    "20": {
        "1": -0.238160665548873,
        "2": -0.24436750301464205,
        "3": 0.583987162696529
    },
    "21": {
        "1": -0.4861644613141558,
        "2": -0.47790924743774166,
        "3": -0.41592380728932987
    },
    "22": {
        "1": 0.4356012293616338,
        "2": -0.03411078336954614,
        "3": -0.15788743963857557
    },
    "23": {
        "1": -0.10148915487549862,
        "2": 0.4319029342815772,
        "3": -0.1180982401597065
    },
    "24": {
        "1": 0.12357926681616539,
        "2": 0.005794964238703216,
        "3": 0.10828975046315079
    }
}