{
    "2": {
        "1": 0.9999999999999999,
        "2": -0.9176457
    },
    "3": {
        "1": -0.4587716948601279,
        "2": 0.9999999999999999,
        "3": -0.9999842224617965
    },
    "4": {
        "1": -0.363,
        "2": -0.959646393,
        "3": 0.9999999999999999
    },
    "5": {
        "1": -0.9769961602378792,
        "2": -0.9999999964837889,
        "3": -0.9772370307086244
    },
    "6": {
        "1": 0.8999999999999998,
        "2": -0.99321776927151,
        "3": -0.9820063266386999
    },
    "7": {
        "1": -0.7693476334503841,
        "2": 0.8999999999999998,
        "3": -0.8319300000000001
    },
    "8": {
        "1": -0.8317809328036018,
        "2": -0.8035169718116361,
        "3": 0.8999999999999998
    },
    "9": {
        "1": -0.3343746865704468,
        "2": -0.8886614900383303,
        "3": -0.818077774513459
    },
    "10": {
        "1": 0.8099999999999997,
        "2": -0.5293840344827554,
        "3": -0.5071200815902984
    },
    "11": {
        "1": -0.5822638754013527,
        "2": 0.8099999999999997,
        "3": -0.7388041177278546
    },
    "12": {
        "1": -0.5902414583851487,
        "2": -0.6753138270761799,
        "3": 0.8099999999999997
    },
    "13": {
        "1": -0.7499681702982002,
        "2": -0.5589232480409869,
        "3": -0.6325255122006395
    },
    "14": {
        "1": 0.7289999999999996,
        "2": -0.4509793957080614,
        "3": -0.42027823202603437
    },
    "15": {
        "1": -0.22758758304039986,
        "2": 0.7289999999999996,
        "3": -0.36262919716809316
    },
    "16": {
        "1": -0.5661565949273473,
        "2": -0.4457104703721217,
        "3": 0.7289999999999996
    },
    "17": {
        "1": -0.5184857582802936,
        "2": -0.5423888776179326,
        "3": -0.12993907766354817
    },
    "18": {
        "1": 0.6560999999999996,
        "2": -0.2923991793700421,
        "3": -0.4303241250681492
    },
    "19": {
        "1": -0.12148375695768136,
        "2": 0.6560999999999996,
        "3": -0.30106593036481544
    },
    "20": {
        "1": -0.16753950425292574,
        "2": -0.25237118926100327,
        "3": 0.6560999998365258
    },
    "21": {
        "1": -0.474344746167782,
        "2": -0.3132314705549083,
        "3": -0.18721303124567684
    },
    "22": {
        "1": 0.5904899996561935,
        "2": -0.1587618913180678,
        "3": 0
    },
    "23": {
        "1": -0.18176465661364877,
        "2": 0.5904899956604867,
        "3": 0.02917732652273336
    },
    "24": {
        "1": -0.16501996567713118,
        "2": 0.0,
        "3": 0.5904899997998395
    }
}