{
    "2": {
        "1": 0.9999922690062802,
        "2": -0.657
    },
    "3": {
        "1": -0.3,
        "2": 0.9999999632966318,
        "3": -0.3
    },
    "4": {
        "1": -0.882351,
        "2": -0.882351,
        "3": 0.9999998471329936
    },
    "5": {
        "1": -0.9999999820153496,
        "2": -0.9999999820153496,
        "3": -0.9999999874107447
    },
    "6": {
        "1": 0.8998871819717115,
        "2": -0.657,
        "3": -0.3
    },
    "7": {
        "1": 0,
        "2": 0.8999574131741293,
        "3": -0.657
    },
    "8": {
        "1": -0.8234429353958435,
        "2": 0,
        "3": 0.8999993771091555
    },
    "9": {
        "1": -0.8999994062712278,
        "2": -0.8999993372089824,
        "3": -0.8999994919396499
    },
    "10": {
        "1": 0.8098502078973727,
        "2": -0.57459723852663,
        "3": -0.43613623661223455
    },
    "11": {
        "1": -0.31808257341480006,
        "2": 0.8098515993077074,
        "3": 0
    },
    "12": {
        "1": -0.5325680449554707,
        "2": -0.21739672590588902,
        "3": 0.8099979804135733
    },
    "13": {
        "1": -0.809930755880558,
        "2": -0.8099405930946288,
        "3": -0.8099457092923006
    },
    "14": {
        "1": 0.7284028814967268,
        "2": -0.5170723835347195,
        "3": -0.4522928158670315
    },
    "15": {
        "1": -0.20821947942937508,
        "2": 0.7287188645048186,
        "3": -0.3809729052891
    },
    "16": {
        "1": -0.39075822593747767,
        "2": -0.10533437801910903,
        "3": 0.7289580891570612
    },
    "17": {
        "1": -0.7257072567456402,
        "2": -0.7249919735625803,
        "3": -0.7252968046932186
    },
    "18": {
        "1": 0.6551058991978964,
        "2": -0.5238516245907714,
        "3": -0.035665596
    },
    "19": {
        "1": -0.07306850481125086,
        "2": 0.6543479904829171,
        "3": -0.17656477338191176
    },
    "20": {
        "1": -0.02755878181911,
        "2": -0.09137518828627986,
        "3": 0.6555045515099381
    },
    "21": {
        "1": -0.6057275254929602,
        "2": -0.6134652988947943,
        "3": -0.6171413813148945
    }
}